{
  "_generated": "Generated by SweetTooth, do not edit",
  "description": "Application Menu for GNOME, with various layouts to choose from!\n\nSupports GNOME shell 3.36, 3.38, 40, and 41.\n\nFor older GNOME shell versions visit https://extensions.gnome.org/extension/1228/arc-menu/\n\nCommon solutions for ERROR message:\n-Restart your GNOME session after updating ArcMenu.\n-Install one of the following packages: 'gir1.2-gmenu-3.0' or 'gnome-menus'\n\nGeneral Help:\n-Visit https://gitlab.com/arcmenu/ArcMenu/-/wikis/home\n\nPlease report all bugs or issues at https://gitlab.com/arcmenu/ArcMenu",
  "extension-id": "arcmenu",
  "gettext-domain": "arcmenu",
  "name": "ArcMenu",
  "settings-schema": "org.gnome.shell.extensions.arcmenu",
  "shell-version": [
    "3.36",
    "3.38"
  ],
  "url": "https://gitlab.com/arcmenu/ArcMenu",
  "uuid": "arcmenu@arcmenu.com",
  "version": 17
}