{
  "_generated": "Generated by SweetTooth, do not edit",
  "description": "This adds desktop icons to GNOME. A fork of Desktop Icons NG with a massive amount of customizations (like icon shapes and curved corners), features, bug fixes, and overall polish.",
  "name": "Desktop Icons: Neo",
  "shell-version": [
    "3.34",
    "3.32",
    "3.36",
    "3.38",
    "40",
    "41"
  ],
  "url": "https://github.com/DEM0NAssissan7/desktop-icons-neo",
  "uuid": "desktopicons-neo@darkdemon",
  "version": 6
}