
<schemalist>
<schema id="org.gnome.shell.extensions.brngout" path="/org/gnome/shell/extensions/brngout/">
  
<key name="remove-suspend-button" type="b">
<default>false</default>
<summary>Turn ON if you wish to remove Suspend Item from system's menu.</summary>
<description>Suspend Item</description>
</key>

<key name="remove-restart-button" type="b">
<default>false</default>
<summary>Turn ON if you wish to remove Restart Item from system's menu.</summary>
<description>Suspend Item</description>
</key>
    
<key name="remove-power-button" type="b">
<default>false</default>
<summary>Turn ON if you wish to remove Power Off Item from system's menu.</summary>
<description>Power Off Item</description>
</key>

<key name="remove-separator-1" type="b">
<default>false</default>
<summary>Turn ON if you wish to remove the separator-1.</summary>
<description>Separator-1</description>
</key>

<key name="remove-separator-2" type="b">
<default>false</default>
<summary>Turn ON if you wish to remove the separator-2.</summary>
<description>Separator-2</description>
</key>

<key name="remove-logout-button" type="b">
<default>false</default>
<summary>Turn ON if you wish to remove the logout Item from system's menu.</summary>
<description>Logout Item</description>
</key>
    
</schema>
</schemalist>
